date,company
"Wednesday, May 10, 2017","CBSE UGC NET Result 2017 | Check NET Cutoff Marks, Score Card - cbsenet.nic.in"
"Wednesday, May 10, 2017",NLC Executive Engineer Previous Papers PDF Download
"Wednesday, May 10, 2017",HPSC District Attorney Syllabus 2017 | Haryana PSC Attorney Exam Pattern
"Wednesday, May 10, 2017","Software Developer Jobs For BE, B.Tech Freshers | Wipro Recruitment 2017 - 2018"
"Wednesday, May 10, 2017",DEI Entrance Test Admit Card 2017 | Download DEI Exam Hall Ticket - www.dei.ac.in
"Wednesday, May 10, 2017",Hewlett Packard Recruitment 2017 | System Software Engineer Jobs | Bangalore
"Tuesday, May 09, 2017",LSAT India Admit Card 2017 | Download LSAT Hall Ticket - www.pearsonvueindia.com
"Tuesday, May 09, 2017",Customer Support Executive and HR Recruiter Jobs in HGS | 10th and 11th May 2017
"Tuesday, May 09, 2017",APPSC Group 3 Result 2017 | Andhra Pradesh Panchayat Secretary Screening Test Result Cutoff Marks - psc.ap.gov.in
"Tuesday, May 09, 2017",KPMG Global Services Walkin Drive | Accountant Jobs | 12th May 2017
"Tuesday, May 09, 2017",HR Executive Jobs in Kotak Mahindra | Walkin Drive On 11th May 2017
"Tuesday, May 09, 2017",Backoffice Associate Jobs in Integreon | Walkin Drive From 10th - 12th May 2017
"Tuesday, May 09, 2017",Todays Walkins - Weekly Job Openings - Latest Recruitment Drives in India
"Tuesday, May 09, 2017",Associate Analyst Jobs in GlobalLogic | Walkin Drive 13th May 2017 | Gurgaon
"Tuesday, May 09, 2017",TS ICET Hall Ticket 2017 - Download TS ICET Admit Card
"Tuesday, May 09, 2017",Rajasthan PTET Admit Card 2017 | Download MDSU PTET Exam Hall Ticket
"Tuesday, May 09, 2017",AIIMS MBBS Exam Admit Card 2017 | Download AIIMS MBBS Exam Hall Ticket
"Tuesday, May 09, 2017",WBSEDCL AE Admit Card 2017 | Download WBSEDCL Sub Assistant Engineer Hall Ticket
"Tuesday, May 09, 2017",NLC Executive Engineer Syllabus 2017 - Exam Pattern PDF Download 
"Tuesday, May 09, 2017",NIACL Assistant Phase II (Main) Admit Card 2017 | Download Assistant Phase II (Main) Online Exam Call Letter
